Id,Name
PR-63159,Program.net
PL-37940,Plaid Group
24-51938,24/7 And Co.
HA-88491,Hard Drive.org
CA-99237,Card.org
ME-12982,Meggings Inc
FO-80884,Forecast Inc
KN-82359,Knowledge Base LLC
FE-38153,Feed.com
PI-20854,Pixel.name
FR-53729,Framework LLC
AP-11773,Application.org
YO-77344,YOLO LLC
CR-95520,Cray Group
PH-89318,Photo Booth LLC
PR-47253,Programmable Inc
SE-69198,Seitan Group
SE-25882,Sensor.org
VE-62756,Versatile And Co.
KI-45142,Kinfolk LLC
CO-38389,Context-Sensitive And Co.
KO-63839,Kombucha Group
SO-61365,Software Inc
AP-18030,Application Group
GO-37892,Godard Group
MO-94459,Moderator Group
BU-80388,Bus.info
MA-23892,Matrix.name
PR-36552,Program.net
AR-42838,Artisan LLC
CL-68065,Cleanse Inc
TA-87784,Tattooed LLC
AL-82460,Alarm.net
BE-73376,Before They Sold Out Inc
PI-91449,Pixel.com
NO-83777,Non-Volatile Group
CA-33146,Card.name
NO-93810,Normcore LLC
BA-65443,Bandwidth.info
PH-43814,Phased Inc
LO-20556,Local Area Network Inc
CO-83562,Collaboration Inc
HE-70256,Help-Desk Inc
TR-52148,Transmitter.org
MO-22967,Monitor.net
US-56716,User-Centric And Co.
DE-39398,Devolved Inc
EN-32375,Encryption Group
FR-77608,Franzen Group
BA-47168,Bandwidth.name
TR-16789,Transitional Group
CO-37675,Conglomeration And Co.
AM-91840,Ameliorated And Co.
DR-30900,Driver.biz
WH-63358,Whatever LLC
PR-34986,Protocol.io
BA-68356,Bandwidth.info
KE-91010,Keytar Group
PR-76138,Program.net
BU-72285,Bus.com
MU-77925,Multi-Tiered And Co.
RE-39750,Readymade And Co.
FL-65516,Flannel LLC
HA-33513,Hard Drive.com
CO-50700,Configurable And Co.
PI-99712,Pixel.biz
AS-35945,Assimilated Inc
MO-61016,Monitor.com
CL-72214,Cleanse And Co.
CA-89846,Card.biz
FU-52862,Functionalities And Co.
NE-71932,Needs-Based And Co.
MA-31991,Matrix.com
SL-64214,Slow-Carb LLC
BU-13318,Bus.com
NE-69585,Next Generation And Co.
VH-74443,VHS LLC
SE-23171,Seamless Group
MI-95224,Microchip.org
PR-58955,Program.io
PR-58568,Protocol LLC
TE-74131,Team-Oriented Group
DY-23057,Dynamic And Co.
MO-65664,Model And Co.
RA-49871,Ramps LLC
CO-77615,Collaboration LLC
PR-95041,Process Improvement Inc
ZE-63716,Zero Administration And Co.
PO-48872,Post-Ironic LLC
GL-89177,Gluten-Free And Co.
MI-24123,Microchip.net
SE-14801,Semiotics Group
MI-63410,Microchip.biz
MO-25623,Monitor.org
AL-73411,Alarm.com
MA-29526,Matrix.name
BU-65420,Bus.name
MI-18697,Microchip.info
CO-33721,Contextually-Based And Co.
IN-82574,Inverse Inc
SW-17533,Swag And Co.
CH-12993,Challenge Group
RA-98906,Radical Inc
GL-57895,Gluten-Free And Co.
ST-94380,Stable Inc
VH-38702,VHS And Co.
FE-35599,Feed.net
AP-34345,Application And Co.
PI-27537,Pixel.com
AP-44872,Application.io
PO-37449,Port.name
CA-46439,Cardigan Group
IN-36287,Intelligentsia Group
MU-30375,Multimedia LLC
PR-31429,Pre-Emptive And Co.
ST-93480,Stable Group
PR-66843,Product Inc
PI-52478,Pixel.name
SY-87037,Synergized LLC
PR-66256,Projection Group
